Tweet,Fecha,Estado,Locacion,Tipo,Longitud,Latitud,Poblacion
@flowerdudee Wey real me dio miedo esta super sociopata su trip suponiendo vergos de cosas de q mi ex???? Mi alcoba???? Miedo,Thu Apr 23 21:56:31 +0000 2020,Jalisco,Guadalajara,U,-103.335882,20.676651999999997,1385621
"~ Necesito terminar est√° alcoba @pinturascomex "" Mi Color ""  Hielo [167-01] es el color perfecto para ""sentirme"" en‚Ä¶ https://t.co/rANAQxkuXS",Fri Apr 24 19:06:19 +0000 2020,Chihuahua,Ju√°rez,R,-106.568008,31.452274000000003,-
Pon a trabajar la mejor versi√≥n de ti y Dios te dar√° la mejor vida. üíï en Mi Alcoba https://t.co/jPigA9dgI4,Sat Apr 25 17:47:41 +0000 2020,Ciudad de M√©xico,La Magdalena Contreras,U,-99.24800950000001,19.318042,246428
"M√≠a Colucci desde el ventanal de su alcoba disfrutando su ba√±o de sol ‚òÄÔ∏è üêà en Mexico City, Mexico https://t.co/m7hyCa98pB",Fri Apr 03 15:19:12 +0000 2020,Ciudad de M√©xico,Cuauht√©moc,U,-99.153366,19.432836,545884
@kpauwells Qu√© tal si ya le expreso todo su amor y cari√±o en la 1er alcoba de la naci√≥n. #Ma√±aneroCumplea√±ero.,Sun Apr 26 17:58:35 +0000 2020,M√©xico,Chalco,R,-98.824316,19.240053500000002,43
"V√≠ como el foco de la alcoba de mi madrina se encend√≠a y pasaba un a figura esbelta por el ventanal del balcon, as√≠‚Ä¶ https://t.co/dnkiPULbOC",Mon Apr 20 01:57:18 +0000 2020,Sinaloa,Mazatl√°n,R,-106.2717475,23.46814,0
@Mikystoteles @ChinoBedolla @SimpsonitoMX No te he dicho que no pintes las paredes? A tu alcoba üò† https://t.co/w432T0hh4Q,Tue Apr 21 03:35:22 +0000 2020,Puebla,Amozoc,R,-98.1542665,19.0322295,616
"Ese gol como lo grite üòçüòçüòç estalle en emoci√≥n, desde aquel gol de alcoba en la final del 2015 no gritaba un gol de e‚Ä¶ https://t.co/u9XuXu16GD",Thu May 07 00:56:32 +0000 2020,Puebla,Amozoc,R,-98.1542665,19.0322295,616
"@Daniel_Olalde06 Pintor de santos de alcoba, si tienes alma en el cuerpoooo, porque al pintar tus cuadros, te olvid‚Ä¶ https://t.co/nHJ3xQDxZ3",Fri May 22 20:53:29 +0000 2020,Nuevo Le√≥n,Monterrey,U,-100.29359149999999,25.6417185,1142952
"@O_LaraC Juan Antonio Alcoba, Macareno, torero sevillano de finales de los sesentas y setentas. El de la derecha se‚Ä¶ https://t.co/ibAl2JPNRx",Sat May 23 23:00:18 +0000 2020,Ciudad de M√©xico,Cuajimalpa de Morelos,R,-99.30558049999999,19.318697,728
Fui due√±o de su alcoba y su almohada...,Sun May 24 00:15:54 +0000 2020,Yucat√°n,M√©rida,R,-89.62361100000001,20.941035,0
"Perd√≠ tu aroma entre tantas alcobas que visit√©, pero tu im√°gen, de mi mente, jam√°s la pude sacar.",Sat May 30 15:07:41 +0000 2020,Ciudad de M√©xico,Cuauht√©moc,U,-99.153366,19.432836,545884
@monsesaco tu alcoba.,Thu Jun 04 13:57:57 +0000 2020,Veracruz de Ignacio de la Llave,Boca del R√≠o,U,-96.0989905,19.1431005,132011
y ella fue la que me envi√≥ este este videoclip para que para que vea yo como se la pasa en tu trabajo a su alcoba t‚Ä¶ https://t.co/fKGpzIwNjN,Fri Jun 12 17:23:58 +0000 2020,Veracruz de Ignacio de la Llave,Xalapa,R,-96.886083,19.542054,0
@sipr0r_DeltaUno @GabrielSanMx @Chairisterco La invitaci√≥n desde la alcoba del palacio presidencial,Sat Jun 20 00:57:31 +0000 2020,M√©xico,Ecatepec de Morelos,R,-99.0444445,19.56828,615
A diario te quiero como la paloma que todos los d√≠as se pasa a mi alcoba,Sat Jun 20 20:11:03 +0000 2020,Nuevo Le√≥n,Guadalupe,R,-100.196134,25.6766035,28
Orden√≥ mis pensamientos despu√©s orden√≥ mi alcoba https://t.co/PRWO2W85ZN,Tue Jun 23 16:53:05 +0000 2020,Quer√©taro,Corregidora,R,-100.43973100000001,20.478755,2494
"@Oswaltol1 Ash que aburrido, en la alcoba es lo que prende ü§î",Wed Jun 24 22:41:11 +0000 2020,Quintana Roo,Puerto Morelos,R,-87.0316645,21.048719,0
es alcobas alcoba de mi primita naci√≥ Ortega a m√≠ s√≠ me llam√≥ la atenci√≥n a Olguita no le gust√≥ y eso amiga no manc‚Ä¶ https://t.co/F4tBkwqR8U,Fri Jun 26 17:45:51 +0000 2020,Veracruz de Ignacio de la Llave,Xalapa,R,-96.886083,19.542054,0
@knappita Jajajaja!!! Francisco Gonz√°lez Bocanegra no fue encerrado en su alcoba por su novia para que escribiera e‚Ä¶ https://t.co/a4uHxeVEgz,Tue Jun 30 21:28:21 +0000 2020,Guanajuato,Le√≥n,R,-101.601401,21.09806,3
"@007Lola_Mento La Zopi Ni Repostera, Pero Si Hizo M√°s Famosa con su Chocoflan, Que Con el Viejito que Comparte la Alcoba",Wed Jul 01 23:12:00 +0000 2020,Veracruz de Ignacio de la Llave,Veracruz,R,-96.22939650000001,19.183953,3
"Activista (de alcoba) de Palacio Nacional...

Cargo no oficial con canonj√≠as plenipotenciarias, exento de obligacio‚Ä¶ https://t.co/39HvZAKSTY",Fri Jul 03 15:26:14 +0000 2020,Sinaloa,Culiac√°n,R,-107.3420565,24.6624885,0
Buena respuesta del Emperador a la Emperatriz !!!! Siguen los pleitos de alcoba üòÇüòÇüòÇüòÇ,Mon Jul 06 06:42:07 +0000 2020,Guanajuato,Comonfort,R,-100.801398,20.738964000000003,5
"En la alcoba conyugal , Irma Er√©ndira recibe al nefasto de John Ackerman dici√©ndole: desabrocha mi blusa y d√©jala s‚Ä¶ https://t.co/ARtNnXhbpS",Tue Jul 14 00:44:25 +0000 2020,Jalisco,Zapopan,R,-103.48477450000001,20.790657000000003,40
@herculezg Seg√∫n lo hab√≠a corrido por querer o por darse a golpes con Alcoba no ?,Thu Jul 16 18:28:24 +0000 2020,Tamaulipas,Victoria,R,-99.187904,23.685934,0
"En la comodidad de su alcoba, #ginüíö dice #buenasnoches y #felizsabado 
.
.
.
#gatitos #gatos #gatosdeinstagram‚Ä¶ https://t.co/BlJUkHSEA2",Sun Jul 19 05:45:44 +0000 2020,Ciudad de M√©xico,Cuauht√©moc,U,-99.153366,19.432836,545884
"@MiissTocino @Ba_k Que lo acaricien, que es de palo, ese cabr√≥n trae pedos y no vas a ser su psic√≥loga de alcoba, q‚Ä¶ https://t.co/KCajw9eOZE",Mon Jul 20 07:48:37 +0000 2020,Oaxaca,San Francisco Telixtlahuaca,R,-96.9332445,17.3709235,284
"@clauzzen y desde mi alcoba el Dios sombra pide un respiro para descansar
muy, muy buenas lunas
#BauhausEnHexeN 
ü¶áüåõ",Tue Jul 21 02:57:52 +0000 2020,M√©xico,Nezahualc√≥yotl,R,-99.087817,19.4320755,0
"¬øPor qu√© #LaBrujaDelPalacio habla mal en p√∫blico de @lopezobrador_ ?
¬øProblemas de alcoba? ¬øGeraldine?",Wed Jul 22 19:35:02 +0000 2020,Ciudad de M√©xico,Miguel Hidalgo,U,-99.2115105,19.4299345,414470
"Espadas Alcoba es perredista. Si acaso, votar√° en contra de Morena.",Wed Jul 22 22:02:59 +0000 2020,Veracruz de Ignacio de la Llave,Xalapa,R,-96.886083,19.542054,0
"Aquel olor a rosas.
Cuando tu te hayas ido
Me envolver√°n las sombras.
Y en la penumbra vaga
De mi peque√±a alcoba
Do‚Ä¶ https://t.co/7embldEi7C",Fri Jul 24 04:20:28 +0000 2020,Ciudad de M√©xico,Miguel Hidalgo,U,-99.2115105,19.4299345,414470
"@FelipeCalderon @Mzavalagc Pues parece que ya no comparten alcoba.

Para ese cari√±o, mejor le hubieras mandado un o‚Ä¶ https://t.co/YLZtgHwxP8",Sat Jul 25 20:20:28 +0000 2020,Ciudad de M√©xico,Xochimilco,R,-99.08179,19.236244499999998,123
@ladagga ...Pues yo ta llevo varias jovencitas que han merodeado mi alcoba y humildemente tengo 56 a√±os. No me gust‚Ä¶ https://t.co/RoMz1mtrhx,Sat Jul 25 21:37:07 +0000 2020,Baja California,Playas de Rosarito,R,-116.929102,32.3328765,5
@JoseCardenas1 Hay gente tan ignorante que piensan que tener una oficina para trabajar o una alcoba para descansar‚Ä¶ https://t.co/QIY4iQ7qfv,Mon Jul 27 17:33:06 +0000 2020,Quintana Roo,Puerto Morelos,R,-87.0316645,21.048719,0
Despu√©s de esperar tuvo lugar en una dupla que no se ve√≠a por donde banquear (Alcoba-Ver√≥n) y termin√≥ gan√°ndose su‚Ä¶ https://t.co/72TZGzwaf0,Thu Jul 30 06:53:18 +0000 2020,Ciudad de M√©xico,Azcapotzalco,U,-99.18212600000001,19.4857835,432205
"Orden√≥ mis pensamientos, despu√©s orden√≥ mi alcoba",Fri Jul 31 15:12:48 +0000 2020,Coahuila de Zaragoza,Viesca,R,-103.23313,25.244222999999998,36
@ElPumachiMX Mi Alcoba se cuece aparte #3 #uruguasho,Fri Jul 31 23:00:02 +0000 2020,M√©xico,Tlalnepantla de Baz,U,-99.1158905,19.518656,13030
#samuelgarcia Yo te apoyo. Que pena que te hayas disculpado. Los problemas de alcoba en alcoba se quedan,Tue Aug 11 17:10:03 +0000 2020,Quer√©taro,Quer√©taro,R,-100.4405945,20.7152745,9
@Moranov Hoy si compartiremos la alcoba? O sigues molesto conmigo? :(,Wed Aug 12 04:23:55 +0000 2020,Tabasco,Nacajuca,R,-92.9164995,18.0219595,432
"@ietos @HistoriaPedro Apoco tambi√©n Sabias los datos duros de alcoba De Paty Flawers y Colunga? d Borolas, y bueno,‚Ä¶ https://t.co/zVqORodcU4",Wed Aug 12 14:23:02 +0000 2020,Ciudad de M√©xico,Cuauht√©moc,U,-99.153366,19.432836,545884
"üî¥ Celia Lora posa en lencer√≠a desde su alcoba

#Entretenimiento  #CeliaLora  #RedesSociales  #Fotograf√≠as‚Ä¶ https://t.co/5z6MNj9X5m",Thu Aug 13 03:18:52 +0000 2020,M√©xico,Metepec,U,-99.5799145,19.2515305,11001
@LillyTellez ¬øSe imaginan compartir alcoba? Es cuando los hombres adoramos ser hombres.,Fri Aug 14 02:13:33 +0000 2020,Morelos,Cuernavaca,R,-99.260819,18.933812,78
"@CamachoOropeza No, peor a√∫n: asaltantes con corbata!

Terroristas de alcoba.",Mon Aug 17 23:37:32 +0000 2020,Aguascalientes,Jes√∫s Mar√≠a,R,-102.42918150000001,21.9341455,0
"@ChumelTorres Pero para eso tienen que pasar por la alcoba presidencial, creen que paguen el precio??",Tue Sep 01 23:13:55 +0000 2020,Veracruz de Ignacio de la Llave,Veracruz,R,-96.22939650000001,19.183953,3
"Cristales de tu ausencia acribillan mi voz, que se esparce en la noche 
por el glacial desierto de mi alcoba. 
-Yo‚Ä¶ https://t.co/ER9bt9QZjH",Thu Sep 03 03:05:52 +0000 2020,Nuevo Le√≥n,Apodaca,R,-100.1687175,25.778679,1879
"Desde mi alcoba nueva, disfrutando de nuevo mi soledad aunque sea un ratito https://t.co/3qQcQGJsTF",Fri Sep 04 03:21:40 +0000 2020,Sinaloa,Mazatl√°n,R,-106.2717475,23.46814,0
"Yo ser√≠a barrendero
Si t√∫ te hicieras escoba
Para tomarte en mis manos
Y barrer juntos tu alcoba",Sat Sep 05 02:34:05 +0000 2020,Jalisco,Guadalajara,U,-103.335882,20.676651999999997,1385621
"@Johanvasquez23 es el mejor refuerzo en la defensa de @PumasMX desde Gerardo Alcoba, aunque Freire tambi√©n ha estado a la altura. #pumas",Sat Sep 05 23:20:28 +0000 2020,Ciudad de M√©xico,La Magdalena Contreras,R,-99.26452649999999,19.2755645,10
Retratos de alcoba con Kev Kapeleto üì∑ https://t.co/mtxW6jcNOA,Thu Sep 17 03:37:50 +0000 2020,Ciudad de M√©xico,Benito Ju√°rez,U,-99.1614805,19.380613,434153
EN MI ALCOBA INFINITA. LA VILLA DE VILLA. https://t.co/a0gYNgEFXl,Thu Sep 17 19:42:47 +0000 2020,M√©xico,Nicol√°s Romero,U,-99.3911885,19.641571499999998,12136
EN MI ALCOBA EN LA VILLA DE VILLA https://t.co/gJYhjsZCD5,Thu Sep 17 19:46:17 +0000 2020,M√©xico,Nicol√°s Romero,U,-99.3911885,19.641571499999998,12136
Yo me qued√© en Alcobas al mar y en Flamingos https://t.co/S9o0D2jsPw,Fri Sep 18 19:11:03 +0000 2020,Ciudad de M√©xico,Cuauht√©moc,U,-99.153366,19.432836,545884
"De mi diario de alcoba, te confieso que... https://t.co/xmtkJscBI4",Sun Sep 27 13:04:34 +0000 2020,Ciudad de M√©xico,Coyoac√°n,U,-99.15234000000001,19.328383000000002,614447
#coffeetime en Anatol en Las Alcobas https://t.co/AgY8wQKgMD,Sun Sep 27 21:53:13 +0000 2020,Ciudad de M√©xico,Miguel Hidalgo,U,-99.2115105,19.4299345,414470
"en la vigilia o en alcoba
Ser√° el penar manifiesto
Para el osado tan presto
En amar un imposible
Y volverse ente ri‚Ä¶ https://t.co/LhZz9ukd2j",Sat Oct 03 20:53:24 +0000 2020,Jalisco,Zapopan,R,-103.48477450000001,20.790657000000003,40
"@SoyHomosensual Ver una pel√≠cula en mi alcoba.
Escuchar m√∫sica de mi g√©nero preferido. 
Ver alguna competencia depo‚Ä¶ https://t.co/Ka6OmpmWz8",Tue Oct 06 13:32:05 +0000 2020,M√©xico,Valle de Bravo,R,-100.1125095,19.1713575,227
"Oyendo una canci√≥n, alg√∫n poema de amor
So√±ando en el silencio de mi alcoba en Veracruz https://t.co/5DFn2pAo6r",Wed Oct 07 02:13:41 +0000 2020,Veracruz de Ignacio de la Llave,Veracruz,R,-96.22939650000001,19.183953,3
"Sabes bien que nunca te vas a olvidar de lo que te hac√≠a cuando est√°bamos a solas en el ba√±o, en la sala y en la cama de mi alcoba üó£",Fri Oct 09 23:39:35 +0000 2020,Baja California Sur,La Paz,R,-110.8545845,24.107996999999997,0
"@ParkerBenMX Depende para qu√© cuarto lo quieras.

Supongo que va bien para el comedor o la alcoba.

Para la cocina‚Ä¶ https://t.co/slZgQWhAWz",Wed Oct 14 02:32:58 +0000 2020,M√©xico,Naucalpan de Ju√°rez,R,-99.310428,19.473793999999998,149
Tequila kushi sexo en mi alcoba.,Sat Oct 17 23:40:16 +0000 2020,Veracruz de Ignacio de la Llave,Medell√≠n de Bravo,R,-96.15278500000001,19.0155025,5
"Fatua mirda 
al acecho de tu alcoba en En Algun Lugar Del Mundo Solo Mio https://t.co/5xxIRxGmXa",Tue Oct 20 23:31:38 +0000 2020,Jalisco,Guadalajara,U,-103.335882,20.676651999999997,1385621
"La decencia,  el respeto,  la amabilidad y los valores quedan fuera una vez entrando ala alcoba!!!!",Mon Oct 26 16:17:59 +0000 2020,Nuevo Le√≥n,Monterrey,U,-100.29359149999999,25.6417185,1142952
La planta de tu alcoba cuando le dices a tu novio en turno que es al √∫nico que ves... https://t.co/jj9Ef5ZNTV,Tue Oct 27 16:17:38 +0000 2020,Ciudad de M√©xico,Benito Ju√°rez,U,-99.1614805,19.380613,434153
@Indiwulf @SuisJules Yo yastoy con el atuendo polar y doble cobija en la alcoba ... ser√° kestoy viejito ?,Mon Nov 02 01:40:29 +0000 2020,M√©xico,Nezahualc√≥yotl,R,-99.087817,19.4320755,0
"‚ÄúSan Miguel lleno de encajes 
en la alcoba de su torre, 
ense√±a sus bellos muslos, 
ce√±idos por los faroles‚Äù.  Fede‚Ä¶ https://t.co/ymD2Vmxx1f",Mon Nov 02 07:41:29 +0000 2020,Guanajuato,San Miguel de Allende,R,-100.7761945,20.9100115,0
"Ordeno mis pensamientos, luego ordeno mi alcoba.",Mon Nov 09 19:40:15 +0000 2020,Veracruz de Ignacio de la Llave,Xalapa,R,-96.886083,19.542054,0
"@MLopezSanMartin @CanalOnceTV @SFP_mx Interesantes deben ser esos debates de alcoba!

Quien llevar√° la batuta:‚Ä¶ https://t.co/4kwykBAKV1",Fri Nov 13 03:29:52 +0000 2020,Jalisco,Zapopan,R,-103.48477450000001,20.790657000000003,40
Incluso Alcoba se fue a Argentina con Tigre y all√° gan√≥ Copa s√∫per liga ante Boca Juniors,Sun Nov 22 18:25:23 +0000 2020,Coahuila de Zaragoza,Monclova,R,-101.220857,26.878203499999998,0
De la peque√±a alcoba cuando una tibia tarde me acariciabas toda.. te buscar√°n mis manos te besar√° mi boca üéµ,Sat Dec 05 23:46:07 +0000 2020,Jalisco,Tepatitl√°n de Morelos,R,-102.71283700000001,20.818671000000002,4
Ojal√° Siboldi agarr√°ndose a madrazos con Romo como con Alcoba en Santos y as√≠ termine llegando Luis a Chivas.,Sun Dec 06 05:40:55 +0000 2020,M√©xico,Nezahualc√≥yotl,R,-99.01701650000001,19.432722,85
@IsabelTurrent ISABEL ¬°A quien le puede importar los ecos de la alcoba que compartes con ese monstruo Jud√≠o! jud√≠o‚Ä¶ https://t.co/rZdeFFHOei,Mon Dec 07 00:44:01 +0000 2020,Morelos,Cuernavaca,R,-99.260819,18.933812,78
"Grite mas el de alcoba contra tigres, hatsa llor√©, pero √©ste significo mucho.",Mon Dec 07 04:48:47 +0000 2020,Ciudad de M√©xico,Iztapalapa,U,-99.050461,19.342788499999997,1835486
"Siendo sincero, no se que gol grit√© m√°s...
El de Alcoba o el de Vig√≥n, sigo af√≥nico.

@PumasMX #TuveFe",Mon Dec 07 17:56:50 +0000 2020,Baja California Sur,Los Cabos,R,-109.7662685,23.269879,2
"Tequila, kuch y setso en mi alcoba",Sat Dec 12 03:15:38 +0000 2020,Nuevo Le√≥n,Guadalupe,R,-100.196134,25.6766035,28
Buenos d√≠as ahorita ahorita feliz inicio del d√≠a qu√© d√≠a tan rico podemos antoja estar hecho bolita en en la alcoba‚Ä¶ https://t.co/LqgyqWcntQ,Tue Jan 05 15:14:36 +0000 2021,Veracruz de Ignacio de la Llave,Xalapa,R,-96.886083,19.542054,0
@onceado En la casa de amlo o sea palacio nacional en alguna alcoba virreinal,Thu Jan 07 02:37:53 +0000 2021,Coahuila de Zaragoza,Monclova,R,-101.220857,26.878203499999998,0
"Que bonito es hacer amor todos los dias con la misma persona, y no precisamente el que se hace en la alcoba!!",Mon Jan 11 01:39:04 +0000 2021,Aguascalientes,Aguascalientes,R,-102.327207,21.849459000000003,0
"""Tardes como una alcoba submarina, con su lecho y su tina... Tardes en qu√© oxidada la voluntad...""",Tue Jan 12 00:12:30 +0000 2021,Ciudad de M√©xico,Tlalpan,R,-99.208364,19.199485,86
"En el silencio de mi alcoba,   en la soledad de la nada
las penas pintan de negro el cristal de mi ventana.",Tue Jan 12 15:36:51 +0000 2021,Chiapas,Uni√≥n Ju√°rez,R,-92.1017975,15.071141,117
"Quiero viajar, monto en mi cobija-lana y despeg√≥ de la pista del t√°lamo. Circunvuelo el foco, borraceo la alcoba y‚Ä¶ https://t.co/z54xVoKHdF",Fri Jan 15 11:22:18 +0000 2021,Quer√©taro,Quer√©taro,R,-100.4405945,20.7152745,9
"¬°Cumbiaaa colombiana!
Encerrado en mi alcoba pienso en ti
me fumo un cigarrillo y otro m√°s,
y me estoy consumiendo‚Ä¶ https://t.co/gj4xa7IWDA",Sat Jan 16 08:26:21 +0000 2021,Veracruz de Ignacio de la Llave,Xalapa,R,-96.886083,19.542054,0
https://t.co/GRkX2zreic Salvador camarena amante de 5.¬™ alcoba arrabalera.,Mon Jan 18 22:20:23 +0000 2021,Puebla,Amozoc,R,-98.1542665,19.0322295,616
@outofcontextPum Y Alcoba?,Sat Jan 23 18:04:24 +0000 2021,Ciudad de M√©xico,Iztacalco,U,-99.09649599999999,19.399101,404695
"@valeraider Quieren al estado hasta adentro de la alcoba, diciendo que es o no una mujer y si me debe gustar. Pero:‚Ä¶ https://t.co/FjMd5qfxnj",Sun Jan 24 19:35:52 +0000 2021,Chihuahua,Chihuahua,R,-106.1628985,28.941865999999997,0
"Hoy pintaron las ventanas de mi alcoba, el reto de hoy ser√° dormir con el olor a solvente.",Thu Feb 04 05:38:29 +0000 2021,Ciudad de M√©xico,Coyoac√°n,U,-99.15234000000001,19.328383000000002,614447
Alcoba era un √°ngel,Thu Feb 04 20:11:33 +0000 2021,Campeche,Campeche,R,-90.27714,19.601414,0
"Chistoso, como me hac√≠an como burlilla por tener mi propio antro, y verdad que se volvi√≥ caracter√≠stico tener tus luces led en tu alcoba ü§°",Sat Feb 06 07:21:11 +0000 2021,Michoac√°n de Ocampo,Morelia,R,-101.27577,19.652724,84
@JaimeWatson24 Giroud tiene posters de Oliver Almaguer en su alcoba.,Tue Feb 23 21:33:32 +0000 2021,Sinaloa,Mazatl√°n,R,-106.2717475,23.46814,0
"¬øRecuerdas c√≥mo te encantaba verme arreglando mi alcoba y decor√°ndola con flores y mis plantitas, Margo? en Amecame‚Ä¶ https://t.co/VxEz0Ehn1f",Wed Feb 24 00:10:35 +0000 2021,M√©xico,Ayapango,R,-98.7271865,19.1256435,20
"@_anniemals Succession es totalmente drama de alcoba, ¬°pero con un gui√≥n exquisito! üòÜ
No hab√≠a escuchado de Little Fires y ya la anot√© üôèüèΩüòÜ",Thu Feb 25 22:03:57 +0000 2021,M√©xico,Huixquilucan,R,-99.3184285,19.3740755,142
"Gente se ha colado hasta en la alcoba de la reina Isabel, ¬øC√≥mo no se van a colar en Palacio Nacional? #LordMontajes",Tue Mar 02 00:06:06 +0000 2021,Yucat√°n,M√©rida,R,-89.62361100000001,20.941035,0
"- 'Podemos llegar hasta a tu alcoba' -

El mensaje fue claro",Tue Mar 02 01:28:28 +0000 2021,Tlaxcala,Tlaxcala,U,-98.24676550000001,19.3184175,3254
"Buenos D√≠as leamos la excelente Columna de @maiteazuela ‚òïüëá
Fen√≥meno F√©lix Salgado: machismo de alcoba y fiesta taur‚Ä¶ https://t.co/GChgFGY1yT",Thu Mar 04 11:10:50 +0000 2021,Veracruz de Ignacio de la Llave,Boca del R√≠o,U,-96.0989905,19.1431005,132011
#editorial Fen√≥meno F√©lix Salgado: machismo de alcoba y fiesta taurina - CONTRACORRIENTE (MAITE AZUELA) https://t.co/XFXIwHZxGk,Fri Mar 05 01:25:01 +0000 2021,Coahuila de Zaragoza,Viesca,R,-103.23313,25.244222999999998,36
"@beltrandelrio Cuando toma desiciones, probablemente las hace en su alcoba, en compa√±√≠a de su esposa, a quien segur‚Ä¶ https://t.co/UjWRw7jz1i",Fri Mar 05 02:31:38 +0000 2021,M√©xico,Nezahualc√≥yotl,R,-99.01701650000001,19.432722,85
"""Saltaba de #patio en #patio,
se revolcaba en mi #alcoba.
A√∫n creo que algunas #veces
lo espantaba con la #escoba.‚Ä¶ https://t.co/ThIzQDglIx",Sat Mar 06 15:15:03 +0000 2021,M√©xico,Ecatepec de Morelos,R,-99.0444445,19.56828,615
Ya empezaron los pleitos de alcoba... piuuuu.,Wed Mar 31 02:28:10 +0000 2021,Ciudad de M√©xico,Cuauht√©moc,U,-99.153366,19.432836,545884
Es buen√≠sima serie Secretos de Estado. Tiene ritmo vertiginoso con  intrigas de alcoba en alto mando. El vestuario‚Ä¶ https://t.co/CpMNFnnzfA,Tue Apr 06 12:38:47 +0000 2021,Ciudad de M√©xico,Benito Ju√°rez,U,-99.1614805,19.380613,434153
@hectorgandur Ya me voy a mi alcoba.,Thu Apr 08 14:11:53 +0000 2021,Ciudad de M√©xico,Tlalpan,R,-99.208364,19.199485,86
@MirosyArte Si claro. Te llevo hasta la puerta de t√∫ alcoba,Sat Apr 10 01:22:03 +0000 2021,M√©xico,Nezahualc√≥yotl,R,-99.01701650000001,19.432722,85
"Hora de dormir ü•±üò¥ Good night üåôüçëüçëüçëüçëüçëüçëüçë
#vintage #horny #sexy #hot #cancun #alcoba #cebra #queen #twitter #instagram‚Ä¶ https://t.co/2JiUR2t3yJ",Wed Apr 14 05:59:24 +0000 2021,Quintana Roo,Puerto Morelos,R,-87.0316645,21.048719,0
"@alFreedozaamora @jc_baez Si no se supo lo de Alcoba que el pedo estuvo m√°s en grande, menos este...",Thu Apr 15 17:02:25 +0000 2021,Durango,Lerdo,R,-103.657843,25.471381,0
"#TraImaledetti #SalaLettura @SalaLettura 
No deseo el amor, ni el oro.
Mi alcoba peque√±a es cofre de soledad.
Sobre‚Ä¶ https://t.co/VkwOn6h4Gm",Tue Apr 20 13:20:35 +0000 2021,Ciudad de M√©xico,Iztapalapa,U,-99.050461,19.342788499999997,1835486
"No mamen que caro es todo lo Electrico, ya b√°jenme de este pedo que fue remodelar mi alcoba! Empec√© en Diciembre y a√∫n no termino!",Tue Apr 27 17:34:31 +0000 2021,Ciudad de M√©xico,Tlalpan,R,-99.208364,19.199485,86
"Ya quite tus fotograf√≠as de mi alcoba, pens√© que no lo lograr√≠a, pero se pudo.",Thu Apr 29 01:51:11 +0000 2021,Nuevo Le√≥n,Cadereyta Jim√©nez,R,-99.9312465,25.519292,0
"#TraLeEmozioni #SalaLettura @SalaLettura 
Me extravi√© en el infinito
pensarlo
            traerlo a mi alcoba‚Ä¶ https://t.co/mKBrDcHlco",Fri Apr 30 13:40:57 +0000 2021,Ciudad de M√©xico,Iztapalapa,U,-99.050461,19.342788499999997,1835486
@YoSoySantaAnna @DonPorfifirio Pleitos de Alcoba?,Wed May 12 14:13:06 +0000 2021,Jalisco,Zapopan,R,-103.48477450000001,20.790657000000003,40
La alcoba ajena https://t.co/1TpIB1R8lo,Fri May 14 00:57:36 +0000 2021,Puebla,Amozoc,R,-98.1542665,19.0322295,616
"#DeMiPluma ‚úçÔ∏è

La alcoba ajena https://t.co/1TpIB1R8lo",Fri May 14 12:27:03 +0000 2021,Puebla,Amozoc,R,-98.1542665,19.0322295,616
Cuando est√°bamos a solas en el ba√±o en la sala y en la cama de mi alcoba,Wed May 26 21:39:11 +0000 2021,Sonora,Hermosillo,R,-111.498181,28.9698625,5
"Llegar a la alcoba y que ella me reciba as√≠, no tiene precio, te adoro hermosa ni√±a, piernas sensuales, adornadas p‚Ä¶ https://t.co/Z7OfoOQzls",Tue Jun 01 04:17:58 +0000 2021,M√©xico,Tlalnepantla de Baz,U,-99.1642825,19.543933000000003,658907
En mi alcoba han estado solo los mejores cuerpos de el tik tok,Fri Jun 04 03:37:52 +0000 2021,Aguascalientes,Aguascalientes,R,-102.327207,21.849459000000003,0
No se porque siempre que estoy en un salon de belleza pienso que estar√≠a mucho mejor encerrada en mi alcoba chingan‚Ä¶ https://t.co/sX9IIn0nnt,Sat Jun 05 19:17:30 +0000 2021,Aguascalientes,Aguascalientes,R,-102.327207,21.849459000000003,0
"* Se abre la puerta de la alcoba *
‚Äî¬øQui√©n es usted?
‚ÄîVengo a conectar el cable...
‚Äî¬øVestido de bombero?
‚Äî¬°Ay vieja‚Ä¶ https://t.co/m2Z73RRqEY",Tue Jun 08 12:13:31 +0000 2021,M√©xico,Cuautitl√°n Izcalli,R,-99.233657,19.6562895,6730
"@NachoRgz @nytimes Siempre hay un tuit, pinche gordo tarado.
Deber√≠as mejor cuidar tu alcoba. https://t.co/3qYG4kLDWi",Mon Jun 14 04:28:17 +0000 2021,Ciudad de M√©xico,Miguel Hidalgo,U,-99.2115105,19.4299345,414470
"@DonPorfifirio Los ha de tener 'perno ctando' en su alcoba... 
Toda la noche empernado, el @AntonioAttolini ...",Fri Jun 18 00:40:57 +0000 2021,Baja California,San Quint√≠n,R,-115.5798785,30.156488499999995,4
Un d√≠a no muy lejano escribir√© un libro. Charlas de alcoba y otros amores.,Fri Jun 18 05:32:13 +0000 2021,Aguascalientes,Jes√∫s Mar√≠a,R,-102.42918150000001,21.9341455,0
"Aprovecha esos momentos de soledad y tristeza en la alcoba. Te har√°n mucho m√°s fuerte de lo que imaginas.
‚ÄîMr. Poet‚Ä¶ https://t.co/0s9xT4O3Hk",Wed Jun 23 13:35:03 +0000 2021,Guanajuato,Silao de la Victoria,R,-101.4484795,20.974213,115
Quisiera tener la dicha de tener una alcoba para poder disfrutar aun m√°s la lluvia.,Thu Jun 24 00:12:04 +0000 2021,Colima,Comala,R,-103.83782000000001,19.326965,3
@PumasELP Que entre alcoba a agarrarlo,Sat Jul 03 23:31:44 +0000 2021,Ciudad de M√©xico,Iztapalapa,U,-99.050461,19.342788499999997,1835486
"Los tr√≠os
En la alcoba de
Genaro luna
Y Palomino
Un buen palomazo https://t.co/4r9RASYJSL",Tue Jul 06 01:17:50 +0000 2021,M√©xico,Ecatepec de Morelos,R,-99.0444445,19.56828,615
"La puerta en el Monasterio de Alcoba√ßa, en Portugal, tiene una de las puertas m√°s estrechas del mundo, mide unos 32‚Ä¶ https://t.co/Sv7o6FFBx9",Tue Jul 06 18:06:36 +0000 2021,Aguascalientes,Aguascalientes,R,-102.327207,21.849459000000003,0
Ordeno mis pensamientos y luego ordeno mi alcoba.,Fri Jul 09 20:37:45 +0000 2021,Nuevo Le√≥n,Monterrey,U,-100.29359149999999,25.6417185,1142952
"La Alcoba
con Everardo Manzo de lunes a viernes de 6 a 7 de la noche por Canal 8
 @TuNuevaVision por  cableras cabl‚Ä¶ https://t.co/fadnF5W0AH",Mon Jul 12 23:17:12 +0000 2021,Tabasco,Nacajuca,R,-92.9164995,18.0219595,432
La alcoba de Lunes a viernes de 6:00 a 7:00 de la noche con un servidor Everardo Manzo por https://t.co/kmrjfFiyDe‚Ä¶ https://t.co/hrWKc76pj7,Thu Jul 22 23:20:32 +0000 2021,Tabasco,Nacajuca,R,-92.9164995,18.0219595,432
Tengo dos intrusas en mi alcoba ü§î https://t.co/2KxhL4QEqH,Sat Jul 24 16:36:01 +0000 2021,Puebla,San Andr√©s Cholula,R,-98.308599,19.022994,246
"La alcoba de Arnold estaba realmente cool, que buen style. Y lo abuelos bien lindos aww ü•∞",Tue Jul 27 06:02:27 +0000 2021,Jalisco,Zapopan,R,-103.48477450000001,20.790657000000003,40
"En casi una semana ya baje todos los kilos que sub√≠ en tres üôåüèª  

Y eso que no he complementado con cardio de alcoba. üòèüî•üòà",Fri Jul 30 14:55:35 +0000 2021,Ciudad de M√©xico,Miguel Hidalgo,U,-99.206405,19.441074,414470
Jajaja ya urge nuevos compa√±eros de alcoba jajajaja...,Mon Aug 09 22:30:48 +0000 2021,Chihuahua,Chihuahua,R,-106.1628985,28.941865999999997,0
"Visitante de alcoba, as√≠ no quiero dormir üò™ üò© üò© https://t.co/EZM2FfbcUt",Sat Aug 14 22:51:07 +0000 2021,Yucat√°n,M√©rida,R,-89.62361100000001,20.941035,0
ir√© a comprar unas compras de p√°nico y dusfrutare de #GraceHuracan  en la comodidad de mi alcoba jejeje üòÖüòÖü§ôü§ôü§ô,Sat Aug 21 13:24:40 +0000 2021,Hidalgo,Tulancingo de Bravo,R,-98.3604,20.130287,2
LA CULTURA DE ADELA MICHA .ES DE LA ALCOBA DE EMILIO AZCARRAGA O ALGUN CUARTO DE MOTEL.,Wed Aug 25 18:36:59 +0000 2021,Tabasco,Nacajuca,R,-92.9164995,18.0219595,432
"Ni qui√©n lo extra√±e, que lo dejen ir. Para m√≠ gusto, m√°s bajo de nivel que Alcoba. https://t.co/zi7PXeVD5D",Wed Aug 25 19:05:55 +0000 2021,Chiapas,Palenque,R,-91.8061025,17.4616645,167
"""Siempre has estado en la alcoba m√°s preciosa de mi pecho""
#ElenaGarro",Thu Aug 26 07:22:19 +0000 2021,Baja California,Playas de Rosarito,R,-116.929102,32.3328765,5
@VengaLaAlegria Los problemas de alcoba les encanta a los artistas ventanearlos!,Thu Aug 26 16:43:49 +0000 2021,M√©xico,Naucalpan de Ju√°rez,R,-99.310428,19.473793999999998,149
A este compita me lo regalaron hace como 13 a√±os y aqu√≠ sigue haci√©ndola de compa√±ero de alcoba. Ultima noche en la‚Ä¶ https://t.co/TbL9yA0SrI,Sat Aug 28 07:42:20 +0000 2021,Ciudad de M√©xico,Coyoac√°n,U,-99.15234000000001,19.328383000000002,614447
@CarlosLoret Pinche putito de alcoba de la marquesa...calleseeee,Sat Aug 28 23:28:59 +0000 2021,Ciudad de M√©xico,Iztacalco,U,-99.09649599999999,19.399101,404695
"@Gommber @PMunozLedo Que no me extra√±a Perfidio es demasiado boludo. 

Su cerraz√≥n siempre cambia de alcoba y marido.",Tue Sep 07 00:58:19 +0000 2021,Guerrero,Acapulco de Ju√°rez,R,-99.73564950000001,16.9589495,5
Hoy jueves 9 de septiembre en La Alcoba por @_Tabtv en canal 8 en Cunduac√°n Comalcalco y para√≠so y en Go Tv en cana‚Ä¶ https://t.co/oIWOrCbx4K,Thu Sep 09 23:50:33 +0000 2021,Tabasco,Nacajuca,R,-92.9164995,18.0219595,432
"Voy llegando y mis vecinos tienen una mega party que da a mi alcoba, ser√° que salgo con mi caguamita y les digo holi? ü§îü§î",Wed Sep 15 02:54:04 +0000 2021,Ciudad de M√©xico,La Magdalena Contreras,U,-99.24800950000001,19.318042,246428
"Su mayor gloria ""period√≠stica"" Mis presidentes ¬°inolvidables momentos  de alcoba con ciertos pol√≠ticos! üòé Su mayor‚Ä¶ https://t.co/15Y4Lgbwy5",Thu Sep 16 20:51:01 +0000 2021,Morelos,Jiutepec,U,-99.1686505,18.886686500000003,174629
Alexandra Trusova ‚õ∏‚ù§Ô∏è‚ù§Ô∏è #music Alcoba Azul-FridaKahlo üá≤üáΩüëåüèª#shortprogram #russia #figureskating #sashatrusova‚Ä¶ https://t.co/9O2Ajmkd7G,Fri Sep 24 14:59:08 +0000 2021,Ciudad de M√©xico,Tlalpan,R,-99.208364,19.199485,86
"@TruebaLara @CristyP2000 Que no joda, ya sabemos quien manda en la alcoba.",Thu Sep 30 19:40:20 +0000 2021,Yucat√°n,Valladolid,R,-88.085541,20.558021500000002,1
@SergioADippW Convocalo t√∫ a tu alcoba... Sabemos que est√°s que te las pelas... https://t.co/LLYbl3NtVJ,Thu Sep 30 22:43:45 +0000 2021,San Luis Potos√≠,San Luis Potos√≠,R,-100.955511,22.3111195,18
@GermanCoder231 Yo no vi a Ver√≥n o a Alcoba que se quebraran jajaja,Sun Oct 03 23:13:45 +0000 2021,M√©xico,Ecatepec de Morelos,R,-99.0444445,19.56828,615
@ManadaPolitica Ella los tiene escondidos en su alcoba,Mon Oct 04 07:00:07 +0000 2021,Guanajuato,Le√≥n,R,-101.601401,21.09806,3
"@Amontelo33 Uff Succession ¬°claro! Le entro al drama de alcoba sin falla üòÜ
¬øEl del reloj de regalo al ‚Äúpatr√≥n‚Äù/sueg‚Ä¶ https://t.co/cOGZhrdE93",Tue Oct 05 22:04:37 +0000 2021,Ciudad de M√©xico,Benito Ju√°rez,U,-99.1614805,19.380613,434153
Huele a la conveniencia de alcobas separadas !!!,Wed Oct 06 22:55:27 +0000 2021,M√©xico,Nezahualc√≥yotl,R,-99.01701650000001,19.432722,85
"Casa en venta zona Playa del Carmen Lista para vivir cuenta con 2 habitaciones 2 ba√±os completos 1/2 ba√±o, alcoba s‚Ä¶ https://t.co/nfXklrbRvM",Sun Oct 10 03:09:28 +0000 2021,Quintana Roo,Solidaridad,R,-87.346982,20.5845305,27
"Y eso que yo
Paro no agobiar con flores a Mar√≠a
Para no asediarla con mi antolog√≠a
De s√°banas fr√≠as y alcobas vac√≠a‚Ä¶ https://t.co/SIkdNK4muR",Mon Oct 11 19:35:27 +0000 2021,Quintana Roo,Puerto Morelos,R,-87.0316645,21.048719,0
S√°banas fr√≠as y alcobas vac√≠as... en Zona Diamante Acapulco https://t.co/JanXUYXaF6,Wed Oct 13 21:33:48 +0000 2021,Guerrero,Acapulco de Ju√°rez,R,-99.73564950000001,16.9589495,5
"Una mujer desnuda y blanca bonita junto a mi alcoba, escucho, miro, bebo y r√≠o. Gratos sonidos eructa la noche.",Tue Oct 19 23:13:52 +0000 2021,Hidalgo,Mineral de la Reforma,U,-98.77580800000001,20.1056375,5108
"Una mujer desnuda y blanca vomita junto a mi alcoba, escucho, miro, bebo y r√≠o. Gratos sonidos eructa la noche.",Tue Oct 19 23:14:30 +0000 2021,Hidalgo,Mineral de la Reforma,U,-98.77580800000001,20.1056375,5108
"Una mujer desnuda y blanca vomita junto a mi alcoba, escucho, miro, bebo y r√≠o. Gratos sonidos, eructa la noche.",Wed Oct 20 01:46:33 +0000 2021,Hidalgo,Mineral de la Reforma,U,-98.77580800000001,20.1056375,5108
"Una mujer desnuda y blanca vomita junto a mi alcoba, escucho, miro, bebo y r√≠o. Gratos sonidos, eructa la noche.",Wed Oct 20 01:46:57 +0000 2021,Hidalgo,Mineral de la Reforma,U,-98.77580800000001,20.1056375,5108
@isauradecuir Aki estoy dispuesto para ti linda dama para echar a volar imaginaci√≥n dentro de la alcoba te animas escr√≠beme si,Thu Oct 28 16:08:56 +0000 2021,Veracruz de Ignacio de la Llave,Veracruz,R,-96.22939650000001,19.183953,3
@miriamszmx Siii pero cuando vayas conmigo ala alcoba para darte unas ricas cojidas por todas todas s parte √≠ntimas que tienes,Sat Oct 30 19:21:50 +0000 2021,Veracruz de Ignacio de la Llave,Veracruz,R,-96.22939650000001,19.183953,3
My vibe right now is just living life üçÇ @ Alcobas del Mar https://t.co/qJkY8fyPmV,Sat Oct 30 19:39:58 +0000 2021,Quintana Roo,Isla Mujeres,R,-87.0541055,21.402667,3
@Lauryreal1 Hola mi hermosa dama buen d√≠a me gustas para compartir bellos momentos y experimentar nuevas experiencias en la alcoba,Sun Oct 31 13:37:48 +0000 2021,Veracruz de Ignacio de la Llave,Veracruz,R,-96.22939650000001,19.183953,3
Martes 2 de noviembre totalmente en vivo La Alcoba por Tu Nueva Visi√≥n Canal 8 Cablesur y GoTv Canal 88.7 y en‚Ä¶ https://t.co/6SaxHbB4sr,Wed Nov 03 00:31:23 +0000 2021,Tabasco,Nacajuca,R,-92.9164995,18.0219595,432
I'm sure there won't always be sunshine but there's this momentary beam of light üçÉ @ Alcobas del Mar https://t.co/79QRS0Bpa4,Wed Nov 03 21:01:21 +0000 2021,Quintana Roo,Isla Mujeres,R,-87.0541055,21.402667,3
hoy es viernes y est√° noche cena Pancho en la Alcoba por Tu Nueva Vision en el canal 8 por cablesur y Go TV canal 8‚Ä¶ https://t.co/7f5ymLNnd0,Sat Nov 06 00:28:41 +0000 2021,Tabasco,Nacajuca,R,-92.9164995,18.0219595,432
Ordeno mis pensamientos despu√©s ordeno mi alcoba.,Sat Nov 06 14:33:42 +0000 2021,Veracruz de Ignacio de la Llave,Xalapa,R,-96.886083,19.542054,0
No quise desperdiciarla: para eso me brinqu√© a la alcoba de mi sobrino y lo hicimos de lo m√°s placentero https://t.co/So56dy2i1f,Sun Nov 07 06:57:06 +0000 2021,Nuevo Le√≥n,Monterrey,U,-100.29359149999999,25.6417185,1142952
"Acostada en mi alcoba, no hab√≠a visto el √∫ltimo cap√≠tulo https://t.co/ly6FVjkj3i",Wed Nov 17 06:00:17 +0000 2021,Tamaulipas,Reynosa,R,-98.36253100000002,25.836567499999997,1
"EL GRAM√ÅTICO EN LA ALCOBA

En ocasiones,
lo importante de verdad
es mejor meterlo entre par√©ntesis,‚Ä¶ https://t.co/KTTylYWG5C",Wed Nov 17 23:53:00 +0000 2021,Jalisco,Guadalajara,U,-103.335882,20.676651999999997,1385621
@PaulinaVergaraX Hermosa Paulina: ‚ÄúTu desnudez surg√≠a en la peque√±a noche de la alcoba del fuego entre las cosas de‚Ä¶ https://t.co/4RcZNjdnwi,Sun Nov 28 06:20:20 +0000 2021,M√©xico,Toluca,U,-99.60504750000001,19.326146,22574
"Ya en Vivo en la Alcoba por @tnvtelevision

#LaAlcobaNavide√±a

@mildredhidalgo1

https://t.co/xljehJX8Zg https://t.co/WgwpLpNPNa",Wed Dec 01 00:27:38 +0000 2021,Tabasco,Nacajuca,R,-92.9164995,18.0219595,432
"@abrazaperros @rodolfo_llador A lo mejor no est√° descansando en su alcoba, sino festejando... je je (la se√±ora Bett‚Ä¶ https://t.co/6u2mGeYy6K",Mon Dec 20 06:07:32 +0000 2021,Morelos,Jiutepec,U,-99.1686505,18.886686500000003,174629
"Que alcoba es mi salud, as√≠ que no me digan nada üíÄü§ôüèªüòà #ElAsDeLaSierra #SoyMalandrin https://t.co/dtQwQIPliy",Mon Dec 20 09:54:04 +0000 2021,Nuevo Le√≥n,Monterrey,U,-100.29359149999999,25.6417185,1142952
"@CarlosLealMx @SixFlagsMexico Las cuestiones sexuales y de alcoba son privadas, no tienen porq ventilarse. Tanta ne‚Ä¶ https://t.co/iL7UTHm0pf",Fri Dec 31 23:43:38 +0000 2021,Campeche,Campeche,R,-90.27714,19.601414,0
El otro d√≠a mi roomie me dijo que ten√≠a coraz√≥n de condominio. Yo lo llamo actividades sociales en la alcoba üôä,Thu Jan 13 23:55:50 +0000 2022,Ciudad de M√©xico,Miguel Hidalgo,U,-99.2115105,19.4299345,414470
"@MrLotario Porque no tienen ""alcobas"", tienen ""piezas"" https://t.co/RLg9FA0pWR",Mon Jan 17 21:28:20 +0000 2022,Quer√©taro,Quer√©taro,R,-100.4405945,20.7152745,9
@ALANALFARO1 Hahahahhaa oiga son cosas de alcoba ü§≠,Sun Jan 23 22:20:06 +0000 2022,Ciudad de M√©xico,Benito Ju√°rez,U,-99.1614805,19.380613,434153
La culpa es de Gerardo Alcoba por madrearse a Siboldi y ocasionarle da√±o cerebral.,Mon Jan 24 22:01:15 +0000 2022,Ciudad de M√©xico,Benito Ju√°rez,U,-99.1614805,19.380613,434153
"Quiza parte de su felicidad de alcoba, esta de moda.
Fuente fidedigna... https://t.co/bcIvEG1oZ0",Wed Feb 02 06:08:08 +0000 2022,Ciudad de M√©xico,Cuauht√©moc,U,-99.153366,19.432836,545884
Vista desde mi alcoba. https://t.co/H8NkQzrGJP,Sat Feb 05 20:50:13 +0000 2022,Morelos,Tlaltizap√°n de Zapata,R,-99.09924600000001,18.706645,0
@Yareka6942 Podemos prescindir de el vino la alcoba pero de ti jam√°s,Wed Feb 09 04:54:20 +0000 2022,M√©xico,Tlalmanalco,R,-98.7270065,19.245091000000002,25
@rojasspaulaok Mi amor me invitas atu alcoba,Sat Feb 12 17:17:29 +0000 2022,Guanajuato,Irapuato,R,-101.3403935,20.673542,23
Muchas gracias a @sagravolal por la entrevista en la alcoba fm por exa radio. üíØüìùüò¨ https://t.co/Td14dtSvYs,Wed Feb 23 15:07:20 +0000 2022,Tabasco,Nacajuca,R,-92.9164995,18.0219595,432
"@medranoazteca Si no sean gachos respeten a este jugador que piensa en cosas chingonas.
Mientras tanto en su alcoba‚Ä¶ https://t.co/xK8MhF0t1x",Mon Feb 28 07:14:03 +0000 2022,Jalisco,Zapopan,R,-103.48477450000001,20.790657000000003,40
No s√© vale que dejes tu olor en mi alcoba y  no te quedes a ver el amanecer conmigo.,Sun Mar 06 06:45:22 +0000 2022,Guanajuato,Salamanca,R,-101.17017200000001,20.651612,10
Pues serpentario ya tiene en la alcoba.,Tue Mar 08 21:40:29 +0000 2022,Quer√©taro,Quer√©taro,R,-100.4405945,20.7152745,9
"Celebremos tu d√≠a en mi alcoba.

Mand√© a la zopis a Argentina https://t.co/GNNOCNaBY9",Wed Mar 09 01:01:22 +0000 2022,M√©xico,Tlalnepantla de Baz,U,-99.1158905,19.518656,13030
Quien durmio anoche en alcoba de Carlota ???,Thu Mar 10 01:36:48 +0000 2022,Jalisco,Tlajomulco de Z√∫√±iga,R,-103.407581,20.489708999999998,15
Guau bellezas  s su alcoba voy1356 entro,Sat Mar 12 12:57:41 +0000 2022,Guerrero,Acapulco de Ju√°rez,R,-99.73564950000001,16.9589495,5
Adi q 3 reinas don mus esposas en la alcoba pero en escritorio 3deciden conforme a mis doctrinas en derecho cinstut‚Ä¶ https://t.co/ecSZM5uB9s,Thu Mar 17 22:26:15 +0000 2022,Guerrero,Acapulco de Ju√°rez,R,-99.73564950000001,16.9589495,5
"Por lo que alquilas una alcoba en la Roma norte en CDMX, en provincia pagas una casa : 2 pisos / 3 rec√°maras / walk‚Ä¶ https://t.co/nrgeqG9KxO",Fri Mar 18 01:53:56 +0000 2022,Aguascalientes,Pabell√≥n de Arteaga,R,-102.3556275,22.041361000000002,0
Excelente duelo de hegmosas quieto yo  ver en mi alcoba ensayo general para ur filme jajajaja beso tetas miro rntal‚Ä¶ https://t.co/yqJAfhpieP,Fri Mar 18 15:38:28 +0000 2022,Guerrero,Acapulco de Ju√°rez,R,-99.73564950000001,16.9589495,5
"@Matador08640286 Esta fue a la que se refiri√≥ Moreira en su video,
que Calder√≥n la meti√≥ a su alcoba?",Wed Mar 23 23:05:51 +0000 2022,Coahuila de Zaragoza,Ramos Arizpe,R,-101.2359675,25.921345000000002,23
@NortenaCatrina Se enfrent√≥ a #Borolas en la alcoba de la,Thu Mar 24 00:37:48 +0000 2022,Coahuila de Zaragoza,Ramos Arizpe,R,-101.2359675,25.921345000000002,23
Glamour Bellezas y las Rosas con tantas ganas locas de montar teatro pasarela en tu misma alcoba mira que contigo m‚Ä¶ https://t.co/gh3BioqcqC,Fri Mar 25 02:13:14 +0000 2022,San Luis Potos√≠,Villa de Reyes,R,-101.00503599999999,21.8508955,2197
"@MezcalyPuro @Fridaguerrera Que tristeza que tus frustraciones de alcoba, las desquites con el gobierno. Consejo: t‚Ä¶ https://t.co/fyFnWX32PB",Sun Apr 10 16:57:12 +0000 2022,Ciudad de M√©xico,Iztapalapa,U,-99.050461,19.342788499999997,1835486
@RuanHiram Wow que rom√°ntica se ve esa alcoba,Thu Apr 28 00:02:16 +0000 2022,Jalisco,Tlajomulco de Z√∫√±iga,R,-103.407581,20.489708999999998,15
"Dijo que su esposa aplic√≥ un examen para entrar al SNI. No sabe lo que ocurre en su ¬´alcoba¬ª menos en su pa√≠s.
Solo‚Ä¶ https://t.co/h8Wm3flWrf",Sun May 01 00:43:43 +0000 2022,Ciudad de M√©xico,Benito Ju√°rez,U,-99.1614805,19.380613,434153
"Despertar con tu haroma
Es tan penetrante tu recuerdo en mi alcoba ""bendita tu piel"" y a la humedad que dejaste en‚Ä¶ https://t.co/GiSTP3nlsP",Tue May 03 14:35:55 +0000 2022,Guanajuato,Le√≥n,R,-101.601401,21.09806,3
"Y eso que yo,üôÑ
Para no agobiar con
Flores a Mar√≠a,üíê
Para no asediarla
Con mi antolog√≠a
De s√°banas fr√≠asü•∂
Y alcobas‚Ä¶ https://t.co/8cNYU2bY1G",Wed May 04 12:46:03 +0000 2022,Sinaloa,Mazatl√°n,R,-106.2717475,23.46814,0
"@SoyBacachoPapi Eso no es cierto, todav√≠a tuvimos a Alcoba, Herrera y Britos una temporada m√°s ü•¥",Thu May 05 05:01:08 +0000 2022,M√©xico,Ecatepec de Morelos,R,-99.0444445,19.56828,615
"@Senorita_MF En la cama,en la mesa,en el piso ,en la sala,en la alcoba ,en la calle en todas partes delicia",Sat May 07 04:11:59 +0000 2022,Tlaxcala,Nat√≠vitas,U,-98.333656,19.230293500000002,1583
Orden√≥ mis pensamientos despu√©s ordeno mi alcoba.,Sat May 07 13:58:14 +0000 2022,Veracruz de Ignacio de la Llave,Xalapa,R,-96.886083,19.542054,0
"Tambi√©n manejo #Disfraces, este es hermoso e ideal para juegos en la alcoba, entrega inmediata, me encuentro en‚Ä¶ https://t.co/apsPzOyGOc",Fri May 20 18:40:59 +0000 2022,Jalisco,Zapopan,R,-103.48477450000001,20.790657000000003,40
"Hermoso #Dildo, es realmente grande para disfrutar en esos momentos de alcoba, entrega inmediata, me encuentro en‚Ä¶ https://t.co/52SnlopcNf",Fri May 20 18:43:30 +0000 2022,Jalisco,Zapopan,R,-103.48477450000001,20.790657000000003,40
M√°s cuando tu hermano roba tu alcoba!!!,Sat May 21 02:45:30 +0000 2022,Ciudad de M√©xico,Tlalpan,R,-99.208364,19.199485,86
"@mexmad A ese payaso, no lo extra√±an ni en su alcoba de Palacio Nacional.
Cuando no llega, se le llama a alg√∫n suplente, y ya.",Sat May 28 08:45:11 +0000 2022,Quintana Roo,Puerto Morelos,R,-87.0316645,21.048719,0
"I just listed: ALCOBA DE LA REINA - LA. SECRETO DE ESTADO I [paperback], for MXN$280.00 via @amazon  https://t.co/lXGaXUUFkz",Sat May 28 22:26:29 +0000 2022,Ciudad de M√©xico,Benito Ju√°rez,U,-99.1614805,19.380613,434153
"I just listed: ALCOBA DE LA REINA - LA. SECRETO DE ESTADO I [paperback], for MXN$280.00 via @amazon  https://t.co/lXGaXUD4t1",Sat May 28 23:03:52 +0000 2022,Ciudad de M√©xico,Benito Ju√°rez,U,-99.1614805,19.380613,434153
"@_ivonnebernal Piensameee yo soy tu amor, pasar√°n los d√≠as y las noches y en mi alcoba frente a tu retrato, yo rezareee por tii‚Ä¶.üéµ",Sun Jun 05 13:02:17 +0000 2022,Nuevo Le√≥n,Apodaca,R,-100.1687175,25.778679,1879
Que novias yengo me bvoy rsyar con bellas nobias en alcoba nupcial quiero 1926,Sun Jun 05 14:39:00 +0000 2022,Guerrero,Acapulco de Ju√°rez,R,-99.73564950000001,16.9589495,5
"Nuestra familia mexicana @m_mariana.alcoba, gracias por recibirnos, siempre es hermoso volver a verles ! en Ciudad‚Ä¶ https://t.co/l7qPfUKty9",Wed Jun 15 15:12:02 +0000 2022,Ciudad de M√©xico,Benito Ju√°rez,U,-99.1614805,19.380613,434153
@LillyTellez @FGRMexico @SenadoresdelPAN Pues no que muy machuchona? Muy gritona en el senado. Fr√≠gida en su alcoba,Fri Jun 17 03:41:11 +0000 2022,Quintana Roo,Felipe Carrillo Puerto,R,-88.0134815,19.749553,11
"@vminiecats @BTS_twt Alcoba

I vote for #MTVLAKPOPBTS #MTVLAHITMYUNIVERSE at this year's #PremiosMTVMIAW¬†¬† (@BTS_twt)",Thu Jul 07 01:28:07 +0000 2022,Baja California Sur,La Paz,R,-110.8545845,24.107996999999997,0
"""Siempre has estado en la alcoba m√°s preciosa de mi pecho...""
#ElenaGarro 
https://t.co/iLEdhKBBAb",Wed Jul 13 22:38:54 +0000 2022,Baja California,Playas de Rosarito,R,-116.929102,32.3328765,5
Tu alcoba azul,Fri Jul 29 14:43:55 +0000 2022,Veracruz de Ignacio de la Llave,Xalapa,R,-96.886083,19.542054,0
"De aquel papel de las culpas, que tu guardas en la alcoba‚Ä¶¬°hazme la rechingada suma!  #losnena https://t.co/7skVFny7MH v√≠a @YouTube",Sat Jul 30 03:34:37 +0000 2022,Ciudad de M√©xico,Cuauht√©moc,U,-99.153366,19.432836,545884
"Hugo Rodr√≠guez, haciendo un Alcoba. @SantosLagunFans",Sun Aug 07 04:25:00 +0000 2022,Jalisco,Zapopan,R,-103.48477450000001,20.790657000000003,40
"en tus noches de desvelo
en donde buscas mi rostro
en las paredes de tu alcoba
en el techo.. y bajo tu almohada 
y‚Ä¶ https://t.co/tyxYoQAhI4",Tue Aug 09 14:30:19 +0000 2022,Guerrero,Zihuatanejo de Azueta,R,-101.457015,17.8005545,11
"Te confes√© que no consegu√≠ reemplazarte 
Y te deje en tu alcoba despu√©s de besarte... https://t.co/x2Ng7cEYr8",Sat Aug 13 05:14:47 +0000 2022,Ciudad de M√©xico,La Magdalena Contreras,U,-99.24800950000001,19.318042,246428
"@figoeduardo @Mena_Pelon @Ronkopollo El amor propio se da en la alcoba, en privado.",Wed Aug 17 17:02:34 +0000 2022,Ciudad de M√©xico,Cuauht√©moc,U,-99.153366,19.432836,545884
"@PerrinPerrito La botella de...
Aceite relajante...
üòâ Deber√≠a estar en tu bur√≥ de la alcoba...",Sat Aug 20 05:45:39 +0000 2022,Puebla,Amozoc,R,-98.1542665,19.0322295,616
¬øQu√© es Nocturno en la Alcoba? https://t.co/oYPBGrqLyu v√≠a @YouTube https://t.co/RcZLSzDhvj,Tue Aug 23 13:51:47 +0000 2022,Coahuila de Zaragoza,Torre√≥n,U,-103.449609,25.542692,690193
¬øQu√© es Nocturno en la Alcoba? https://t.co/oYPBGr9a9U v√≠a @YouTube,Thu Aug 25 15:38:25 +0000 2022,Coahuila de Zaragoza,Viesca,R,-103.23313,25.244222999999998,36
@escorpuma Conoc√≠ a la reina Isabel una vez que me logre colar hasta la alcoba real burlando la vigilancia del pala‚Ä¶ https://t.co/0vxcES9904,Sun Sep 11 15:26:12 +0000 2022,Puebla,Atlixco,R,-98.4531485,18.902124,48
La vida de alcoba de Larreta me importa un cuerno. El despecho de su exmujer tambi√©n.,Mon Sep 12 20:05:54 +0000 2022,Ciudad de M√©xico,Benito Ju√°rez,U,-99.1614805,19.380613,434153
"Pero qu√© tal compartieron alcoba con el PRI de Salinas, Zedillo y Pe√±a, hace unos d√≠as todav√≠a andaban del brazo y‚Ä¶ https://t.co/JQuL54L4Bh",Thu Sep 15 23:49:08 +0000 2022,Ciudad de M√©xico,Iztapalapa,U,-99.050461,19.342788499999997,1835486
Quisiera esta noche poder entrar en tu alcoba y hablarte al o√≠do y dec√≠rte que siempre te cuido desde lo m√°s oscuro de esta vida.,Thu Sep 22 03:39:46 +0000 2022,Puebla,Nopalucan,R,-97.829398,19.204702,0
La segunda alcoba de mi caja de zapatos de inter√©s social se me antoja hacerla para roomie de estancia corta la vdd.,Tue Oct 04 22:54:48 +0000 2022,Ciudad de M√©xico,Cuauht√©moc,U,-99.153366,19.432836,545884
"@julioastillero @AristeguiOnline @lopezobrador_ Las pruebas son, unos papelitos con notas hechas en  charlas de alcoba, con su exmarido ü§£ü§£ü§£",Tue Oct 11 02:23:28 +0000 2022,Sonora,Hermosillo,R,-111.498181,28.9698625,5
"@abrahamendieta @owornat Confidencias de alcoba, cierto",Tue Oct 11 03:42:29 +0000 2022,Nuevo Le√≥n,Monterrey,U,-100.29359149999999,25.6417185,1142952
"@abrahamendieta @owornat Primera vez que estoy de acuerdo contigo putito, los chismes de alcoba siempre son reales!!!",Tue Oct 11 04:24:54 +0000 2022,M√©xico,Naucalpan de Ju√°rez,R,-99.310428,19.473793999999998,149
@1955_marco @DanteCo94150246 Ardores de alcoba,Tue Oct 11 12:10:59 +0000 2022,Nuevo Le√≥n,Monterrey,U,-100.29359149999999,25.6417185,1142952
"@abrahamendieta @owornat Si, pues los chismes de alcoba de ""Felipe el obscuro"" nomas no demuestran la verdad. Ya ve‚Ä¶ https://t.co/BKPic1dKdz",Tue Oct 11 14:42:28 +0000 2022,Jalisco,Zapopan,R,-103.48477450000001,20.790657000000003,40
#ElReyDelCash es solo una cr√≥nica desde la alcoba de la sabida corrupci√≥n con la que @lopezobrador_ y sus secuaces‚Ä¶ https://t.co/2wjo3F93Ey,Tue Oct 11 15:47:50 +0000 2022,Puebla,Tepeaca,R,-97.88762750000001,19.0239135,38
"No centrarnos en la cr√≥nica de alcoba, m√°s grave lo que sucede hoy en #Mexico con @lopezobrador_ ya Presidente, que‚Ä¶ https://t.co/2H1mbqp0s8",Tue Oct 11 15:47:51 +0000 2022,Puebla,Tepeaca,R,-97.88762750000001,19.0239135,38
@MariettoPonce Platicas de alcoba algo as√≠ como chismes y todo aquello despu√©s de la pregunta y que crees? Que fula‚Ä¶ https://t.co/ohk3QoqD2z,Tue Oct 11 16:56:53 +0000 2022,Ciudad de M√©xico,Cuauht√©moc,U,-99.153366,19.432836,545884
@PedroFerriz Otro que se cree los chismes de alcoba,Tue Oct 11 16:58:56 +0000 2022,Ciudad de M√©xico,Cuauht√©moc,U,-99.153366,19.432836,545884
"@abrahamendieta @owornat No eran chismes de alcoba, pendejo. Primero inf√≥rmate donde trabajaba. Hasta para eso eres huev√≥n. ü§¶",Wed Oct 12 02:41:51 +0000 2022,Tamaulipas,Llera,R,-98.83887849999999,23.2986025,0
"@galvanochoa ""Confesiones de alcoba"" de una mujer despechada. Sin pruebas ni fuentes, solo el af√°n de querer hacer‚Ä¶ https://t.co/YA2AGNJkoU",Wed Oct 12 02:44:10 +0000 2022,Ciudad de M√©xico,La Magdalena Contreras,U,-99.24800950000001,19.318042,246428
"@Carlito37683071 @afuertesm Confesiones de alcoba?.
Eso es admisible como prueba???
Si digo que el vecino es infiel‚Ä¶ https://t.co/J6kR6PS2FT",Wed Oct 12 04:23:54 +0000 2022,Jalisco,Guadalajara,U,-103.335882,20.676651999999997,1385621
"@ElenaCh69772256 @DoliaEstevez Testimonio, de ""segunda mano""?
En la alcoba?",Wed Oct 12 22:24:57 +0000 2022,Chihuahua,Ju√°rez,R,-106.568008,31.452274000000003,-
"Por favor se√±or @ClaudioXGG no demuestre su pobreza intelectual,lea algo que sirva no chismes de alcoba. Memorias d‚Ä¶ https://t.co/Z0ZCwtutlp",Thu Oct 13 00:23:04 +0000 2022,Ciudad de M√©xico,Azcapotzalco,U,-99.18212600000001,19.4857835,432205
‚ÄòEl Rey del Cash‚Äô; inferencias hormonales¬† de alcoba¬† https://t.co/wVyJtxGnny @gbrahms @ArcilaArjona‚Ä¶ https://t.co/MtuVQJRwav,Sat Oct 15 00:34:41 +0000 2022,Quintana Roo,Solidaridad,R,-87.346982,20.5845305,27
"@Karina1214Perez Hoy voy a vicitar algo parecido no un pueblito, con una amiga en su caba√±a, alcoba pero si va hacer magico",Sat Oct 22 21:10:55 +0000 2022,Baja California,Mexicali,R,-115.22918000000001,31.789669500000002,19
"@mario_dico50 @PartidoMorenaMx Y que te lleve a la alcoba Presidencial, como @EPN y @EVerastegui

Aja! Pto!",Tue Oct 25 22:45:18 +0000 2022,Nuevo Le√≥n,Monterrey,U,-100.29359149999999,25.6417185,1142952
"@yeapitsmeh Y si es narcisista, habr√≠a que preguntar por qu√© Shakira estuvo tanto tiempo con √©l ü§î el tema de alcoba‚Ä¶ https://t.co/Eehl0TImRg",Fri Nov 04 14:57:48 +0000 2022,Baja California,Playas de Rosarito,R,-116.929102,32.3328765,5
@cf1ba10c40eb415 @DeniseMaerker Una alcoba de una residencia oficial ¬øCu√°l Palacio? Solo su nombre. Mi hijo vive co‚Ä¶ https://t.co/r6F7PY5jAX,Tue Nov 08 19:21:37 +0000 2022,Nuevo Le√≥n,Monterrey,U,-100.29359149999999,25.6417185,1142952
"Pasele, pasele,ll√©velo, ll√©velo 
El libro con lis chismes de alcoba m√°s picantes, mejores que arrebatos carnales",Mon Nov 14 01:38:27 +0000 2022,Tamaulipas,Tampico,R,-97.91677200000001,22.270295,19
@galeno1219 @ndurancoronado Lo que pas√≥ en la alcoba es secreto de Estado. https://t.co/kAr2nsB01u,Sun Nov 27 00:06:18 +0000 2022,M√©xico,Naucalpan de Ju√°rez,R,-99.310428,19.473793999999998,149
"‚ÄúSiempre has estado en la alcoba m√°s preciosa de mi pecho‚Äù.

Elena Garro",Thu Dec 08 04:53:21 +0000 2022,Zacatecas,Zacatecas,R,-102.6943495,22.7306065,-
@JorgeLara1 Hasta que existan pruebas y no dichos y chismes de alcoba de una ‚Äúperiodista‚Äù.,Sun Dec 11 05:03:49 +0000 2022,Ciudad de M√©xico,Azcapotzalco,U,-99.18212600000001,19.4857835,432205
"@peke_tp @AndreaChavezTre Primero se les meten en la alcoba y luego andan chillando que las forzaron, as√≠ como las‚Ä¶ https://t.co/zGoIO98fNt",Sun Dec 11 15:05:40 +0000 2022,Oaxaca,La Pe,R,-96.7191945,16.604871000000003,525
"@fmartinmoreno En el pa√≠s de los historiadores que se masturban con fantas√≠as de alcoba, y que desean que mueran qu‚Ä¶ https://t.co/kJNhTQZo2v",Fri Dec 16 20:32:31 +0000 2022,Ciudad de M√©xico,Iztacalco,U,-99.09649599999999,19.399101,404695
@ElFranky_ @AlexMonroy4e @EVerastegui @EPN El avi√≥n presidencial es un secreto de alcoba y de Estado.,Fri Dec 23 18:58:58 +0000 2022,M√©xico,Naucalpan de Ju√°rez,R,-99.310428,19.473793999999998,149
@_VicenteSerrano @BeatrizGMuller Le quiere dar clases particulares en su alcoba.... https://t.co/QSegzYNDxm,Wed Jan 11 00:03:49 +0000 2023,Puebla,Amozoc,R,-98.1542665,19.0322295,616
